,Wiki
124,ban
144,gor
151,shn
166,mni
175,sat
185,dag
199,skr
207,smn
211,lfn
213,olo
215,ks
227,dty
242,szy
245,awa
246,tay
247,blk
248,inh
253,atj
255,tcy
256,mnw
258,kbp
261,nia
262,shi
265,nqo
266,bi
273,fj
277,guw
279,trv
282,alt
283,gcr
287,mad
288,ny
289,ff
290,st
291,pih
292,got
294,ee
295,ami
296,bm
297,ve
298,ts
302,rn
303,kcg
304,ch
305,ik
306,pnt
307,ady
309,iu
311,pwn
312,sg
313,din
314,ti
315,kl
316,dz
317,cr
318,ng
319,cho
320,kj
321,mh
322,ho
323,ii
324,lrc
325,mus
326,aa
327,ak
328,hz
329,kr
330,na
